datetime,PV_kW,Load_kW,state,average power in W,BEV_at_home,consumption,charging_power_kW,day_ahead_price[â‚¬/MWh]
2025-01-01 00:00:00,0.0,0.6465423431088348,home,0.0,1,0.0,11,0.1
2025-01-01 00:15:00,0.0,0.4949800033486505,home,0.0,1,0.0,11,0.1
2025-01-01 00:30:00,0.0,0.6915072815206409,home,0.0,1,0.0,11,0.1
2025-01-01 00:45:00,0.0,0.5454676899654807,home,0.0,1,0.0,11,0.1
2025-01-01 01:00:00,0.0,0.4979027508946699,home,0.0,1,0.0,11,0.01
2025-01-01 01:15:00,0.0,0.6800351323628924,home,0.0,1,0.0,11,0.01
2025-01-01 01:30:00,0.0,0.4017754836209457,home,0.0,1,0.0,11,0.01
2025-01-01 01:45:00,0.0,0.7586084184504369,home,0.0,1,0.0,11,0.01
2025-01-01 02:00:00,0.0,0.5934620130166697,home,0.0,1,0.0,11,0.0
2025-01-01 02:15:00,0.0,0.7932111782920972,home,0.0,1,0.0,11,0.0
2025-01-01 02:30:00,0.0,0.5956692679314957,home,0.0,1,0.0,11,0.0
2025-01-01 02:45:00,0.0,0.4424648424472867,home,0.0,1,0.0,11,0.0
2025-01-01 03:00:00,0.0,0.5128024030393995,home,0.0,1,0.0,11,-0.01
2025-01-01 03:15:00,0.0,0.7558051579960374,home,0.0,1,0.0,11,-0.01
2025-01-01 03:30:00,0.0,0.4103826883957195,home,0.0,1,0.0,11,-0.01
2025-01-01 03:45:00,0.0,0.6341914285675656,home,0.0,1,0.0,11,-0.01
2025-01-01 04:00:00,0.0,0.6352461417415651,home,0.0,1,0.0,11,-0.03
2025-01-01 04:15:00,0.0,0.7604399433582469,home,0.0,1,0.0,11,-0.03
2025-01-01 04:30:00,0.0,0.4242406669693537,home,0.0,1,0.0,11,-0.03
2025-01-01 04:45:00,0.0,0.5147686609330553,home,0.0,1,0.0,11,-0.03
2025-01-01 05:00:00,0.0,0.6896786739408685,home,0.0,1,0.0,11,-0.02
2025-01-01 05:15:00,0.0,0.7757920030844727,home,0.0,1,0.0,11,-0.02
2025-01-01 05:30:00,0.0,0.5257179773040959,home,0.0,1,0.0,11,-0.02
2025-01-01 05:45:00,0.0,0.6469666465365038,home,0.0,1,0.0,11,-0.02
2025-01-01 06:00:00,0.1949052953728284,1.45716999579423,home,0.0,1,0.0,11,-0.05
2025-01-01 06:15:00,0.4131578035063933,1.7400246359340186,home,0.0,1,0.0,11,-0.05
2025-01-01 06:30:00,0.3425890582673875,1.398407222639506,home,0.0,1,0.0,11,-0.05
2025-01-01 06:45:00,1.1101128348323115,1.4736862018694494,home,0.0,1,0.0,11,-0.05
2025-01-01 07:00:00,1.1220731975413871,1.6891818751739542,home,0.0,1,0.0,11,-0.02
2025-01-01 07:15:00,0.9838415585306152,1.643403289382494,home,0.0,1,0.0,11,-0.02
2025-01-01 07:30:00,1.7583375586655294,1.1809374721885788,home,0.0,1,0.0,11,-0.02
2025-01-01 07:45:00,1.8101448780739984,0.8042932520672033,home,0.0,1,0.0,11,-0.02
2025-01-01 08:00:00,1.7607913251116956,1.3561709626522795,home,0.0,1,0.0,11,0.0
2025-01-01 08:15:00,2.365634643435764,0.6713706111982842,home,0.0,1,0.0,11,0.0
2025-01-01 08:30:00,2.260658748903759,0.7645526929388677,home,0.0,1,0.0,11,0.0
2025-01-01 08:45:00,3.0099972116821947,0.4956979105307451,home,0.0,1,0.0,11,0.0
2025-01-01 09:00:00,2.9117824807171058,0.4753261883514954,home,0.0,1,0.0,11,0.04
2025-01-01 09:15:00,3.482826541828348,0.6539336436076901,home,0.0,1,0.0,11,0.04
2025-01-01 09:30:00,3.817665384754894,0.5031607091333601,home,0.0,1,0.0,11,0.04
2025-01-01 09:45:00,3.727637918821654,0.4455166020042935,home,0.0,1,0.0,11,0.04
2025-01-01 10:00:00,4.242351954271326,0.5794531827632059,home,0.0,1,0.0,11,0.06
2025-01-01 10:15:00,3.867445452348854,0.7227526962510449,driving,5190.204449075079,0,0.7111480913753027,0,0.06
2025-01-01 10:30:00,4.717581263297096,0.6284763589269848,driving,498.9802819273437,0,0.7111480913753027,0,0.06
2025-01-01 10:45:00,4.388352538256988,0.7809708399627213,shopping,0.0,0,0.0,0,0.06
2025-01-01 11:00:00,4.450983836284703,0.5772306071870474,shopping,0.0,0,0.0,0,0.54
2025-01-01 11:15:00,4.630365723448144,0.6329756106974498,shopping,0.0,0,0.0,0,0.54
2025-01-01 11:30:00,4.406783816117056,0.7589240487808888,shopping,0.0,0,0.0,0,0.54
2025-01-01 11:45:00,4.7540465658497535,0.7941752938499365,shopping,0.0,0,0.0,0,0.54
2025-01-01 12:00:00,4.720530726654426,0.462602771398282,shopping,0.0,0,0.0,0,2.24
2025-01-01 12:15:00,4.525539838839944,0.6523324186332553,shopping,0.0,0,0.0,0,2.24
2025-01-01 12:30:00,5.166695374920672,0.4266809586113611,shopping,0.0,0,0.0,0,2.24
2025-01-01 12:45:00,5.298195389219401,0.5204556853248874,shopping,0.0,0,0.0,0,2.24
2025-01-01 13:00:00,5.010219209609272,0.6220120078225992,shopping,0.0,0,0.0,0,1.96
2025-01-01 13:15:00,5.272194912674535,0.4365029240657552,shopping,0.0,0,0.0,0,1.96
2025-01-01 13:30:00,5.56824518737268,0.6413597019560724,shopping,0.0,0,0.0,0,1.96
2025-01-01 13:45:00,4.638879704962495,0.6149632703853618,shopping,0.0,0,0.0,0,1.96
2025-01-01 14:00:00,4.591824074500449,0.6962853679514116,driving,5017.4761275741785,0,0.6860926707564693,0,1.04
2025-01-01 14:15:00,4.995671930729329,0.7223727788688399,driving,471.2652384775757,0,0.6860926707564693,0,1.04
2025-01-01 14:30:00,4.783225945842728,0.7735139933123372,errands,0.0,0,0.0,0,1.04
2025-01-01 14:45:00,4.607054840188962,0.4339712815904407,errands,0.0,0,0.0,0,1.04
2025-01-01 15:00:00,3.8640974027755792,0.7372827061184422,errands,0.0,0,0.0,0,3.66
2025-01-01 15:15:00,4.083986011915815,0.4666656011122068,errands,0.0,0,0.0,0,3.66
2025-01-01 15:30:00,4.528914851518927,0.7566338467033056,driving,3016.855290976716,0,0.7542138227441789,0,3.66
2025-01-01 15:45:00,3.9612924825594416,0.5975378236017748,home,0.0,1,0.0,11,3.66
2025-01-01 16:00:00,3.760939825005537,0.4850002498003293,home,0.0,1,0.0,11,43.06
2025-01-01 16:15:00,3.9732273336958186,0.4276863138360439,home,0.0,1,0.0,11,43.06
2025-01-01 16:30:00,3.73841246964008,0.5542927255348713,home,0.0,1,0.0,11,43.06
2025-01-01 16:45:00,3.5157823244119446,0.7779297579545865,home,0.0,1,0.0,11,43.06
2025-01-01 17:00:00,3.091721947375049,1.111894853168586,home,0.0,1,0.0,11,49.93
2025-01-01 17:15:00,2.9766847441850857,1.5772406578274734,home,0.0,1,0.0,11,49.93
2025-01-01 17:30:00,2.9304709323239506,1.1281825588406655,home,0.0,1,0.0,11,49.93
2025-01-01 17:45:00,2.669071339576995,0.8639896115418069,home,0.0,1,0.0,11,49.93
2025-01-01 18:00:00,1.4117949904623237,0.954708064140484,home,0.0,1,0.0,11,58.0
2025-01-01 18:15:00,1.828737622729932,1.078057149041074,driving,6785.553498680364,0,1.6963883746700907,0,58.0
2025-01-01 18:30:00,2.164192026605129,0.9304401842214868,shopping,0.0,0,0.0,0,58.0
2025-01-01 18:45:00,0.9321555665493082,1.1305383416880768,shopping,0.0,0,0.0,0,58.0
2025-01-01 19:00:00,1.3090896853101306,1.0105440736913256,shopping,0.0,0,0.0,0,54.25
2025-01-01 19:15:00,0.8064570406054337,1.5905944592916736,shopping,0.0,0,0.0,0,54.25
2025-01-01 19:30:00,1.1840608861382882,0.9456714468767796,shopping,0.0,0,0.0,0,54.25
2025-01-01 19:45:00,0.7067334669539923,0.8805182821461028,shopping,0.0,0,0.0,0,54.25
2025-01-01 20:00:00,0.0,1.1489042970998191,shopping,0.0,0,0.0,0,48.01
2025-01-01 20:15:00,0.0,0.9409330958968456,shopping,0.0,0,0.0,0,48.01
2025-01-01 20:30:00,0.0,1.3126681696766087,shopping,0.0,0,0.0,0,48.01
2025-01-01 20:45:00,0.0,1.0055967520746365,driving,1876.907081950184,0,0.4692267704875461,0,48.01
2025-01-01 21:00:00,0.0,1.6847521831012948,home,0.0,1,0.0,11,42.95
2025-01-01 21:15:00,0.0,0.706619888536675,home,0.0,1,0.0,11,42.95
2025-01-01 21:30:00,0.0,0.6479050170959284,home,0.0,1,0.0,11,42.95
2025-01-01 21:45:00,0.0,0.7808756540694455,home,0.0,1,0.0,11,42.95
2025-01-01 22:00:00,0.0,0.5594712914443709,home,0.0,1,0.0,11,47.09
2025-01-01 22:15:00,0.0,0.4704032689671579,home,0.0,1,0.0,11,47.09
2025-01-01 22:30:00,0.0,0.6447653616182545,home,0.0,1,0.0,11,47.09
2025-01-01 22:45:00,0.0,0.739962919908765,home,0.0,1,0.0,11,47.09
2025-01-01 23:00:00,0.0,0.6009434411447572,home,0.0,1,0.0,11,35.55
2025-01-01 23:15:00,0.0,0.514192060780109,home,0.0,1,0.0,11,35.55
2025-01-01 23:30:00,0.0,0.6351895502193219,home,0.0,1,0.0,11,35.55
2025-01-01 23:45:00,0.0,0.7450393480943742,home,0.0,1,0.0,11,35.55
2025-01-02 00:00:00,0.0,0.4170321320129261,home,0.0,1,0.0,11,30.59
2025-01-02 00:15:00,0.0,0.4535297891899362,home,0.0,1,0.0,11,30.59
2025-01-02 00:30:00,0.0,0.5038261465406189,home,0.0,1,0.0,11,30.59
2025-01-02 00:45:00,0.0,0.772289269655684,home,0.0,1,0.0,11,30.59
2025-01-02 01:00:00,0.0,0.5288933135552626,home,0.0,1,0.0,11,20.07
2025-01-02 01:15:00,0.0,0.6147505051680326,home,0.0,1,0.0,11,20.07
2025-01-02 01:30:00,0.0,0.505055247920263,home,0.0,1,0.0,11,20.07
2025-01-02 01:45:00,0.0,0.5952226750626988,home,0.0,1,0.0,11,20.07
2025-01-02 02:00:00,0.0,0.5106303345004939,home,0.0,1,0.0,11,31.03
2025-01-02 02:15:00,0.0,0.408210941640507,home,0.0,1,0.0,11,31.03
2025-01-02 02:30:00,0.0,0.7912823498947406,home,0.0,1,0.0,11,31.03
2025-01-02 02:45:00,0.0,0.5677598891691849,home,0.0,1,0.0,11,31.03
2025-01-02 03:00:00,0.0,0.4804305412209417,home,0.0,1,0.0,11,18.39
2025-01-02 03:15:00,0.0,0.7089197440154982,home,0.0,1,0.0,11,18.39
2025-01-02 03:30:00,0.0,0.7787179135979123,home,0.0,1,0.0,11,18.39
2025-01-02 03:45:00,0.0,0.6161914566904747,home,0.0,1,0.0,11,18.39
2025-01-02 04:00:00,0.0,0.7547491706874432,home,0.0,1,0.0,11,11.08
2025-01-02 04:15:00,0.0,0.7329379841761114,home,0.0,1,0.0,11,11.08
2025-01-02 04:30:00,0.0,0.6291249793195477,home,0.0,1,0.0,11,11.08
2025-01-02 04:45:00,0.0,0.4535944703174926,home,0.0,1,0.0,11,11.08
2025-01-02 05:00:00,0.0,0.5969635525333825,home,0.0,1,0.0,11,13.78
2025-01-02 05:15:00,0.0,0.4005918540931028,home,0.0,1,0.0,11,13.78
2025-01-02 05:30:00,0.0,0.4534747114159452,home,0.0,1,0.0,11,13.78
2025-01-02 05:45:00,0.0,0.6409548955631061,home,0.0,1,0.0,11,13.78
2025-01-02 06:00:00,0.0,1.130703482439792,home,0.0,1,0.0,11,47.63
2025-01-02 06:15:00,0.3817608763698025,1.7203903448019515,home,0.0,1,0.0,11,47.63
2025-01-02 06:30:00,0.1383688003777413,1.132319518076767,home,0.0,1,0.0,11,47.63
2025-01-02 06:45:00,0.790861737003471,0.931030442076276,home,0.0,1,0.0,11,47.63
2025-01-02 07:00:00,0.838259242957498,1.6851347884002918,home,0.0,1,0.0,11,58.1
2025-01-02 07:15:00,1.4985463046225445,1.312207849290369,home,0.0,1,0.0,11,58.1
2025-01-02 07:30:00,1.789897177731835,1.338267703017978,home,0.0,1,0.0,11,58.1
2025-01-02 07:45:00,1.8193474834780847,1.3143750990291874,home,0.0,1,0.0,11,58.1
2025-01-02 08:00:00,2.0477189827899247,1.371745329557006,home,0.0,1,0.0,11,65.67
2025-01-02 08:15:00,2.298878677464713,0.4756039316731685,home,0.0,1,0.0,11,65.67
2025-01-02 08:30:00,2.9386864935396804,0.6924349868197874,home,0.0,1,0.0,11,65.67
2025-01-02 08:45:00,3.191310699939782,0.4636311499235163,home,0.0,1,0.0,11,65.67
2025-01-02 09:00:00,3.286499705948356,0.7567734883612838,driving,3069.4600515275824,0,0.424141449318156,0,64.73
2025-01-02 09:15:00,3.3373913477698687,0.4441586517387666,driving,323.6715430176657,0,0.424141449318156,0,64.73
2025-01-02 09:30:00,2.899083694294733,0.5453959179427379,shopping,0.0,0,0.0,0,64.73
2025-01-02 09:45:00,4.195510801614292,0.5128452360098252,shopping,0.0,0,0.0,0,64.73
2025-01-02 10:00:00,3.339116333078757,0.7548295188379734,shopping,0.0,0,0.0,0,68.98
2025-01-02 10:15:00,4.027380878713587,0.5053330877997118,shopping,0.0,0,0.0,0,68.98
2025-01-02 10:30:00,4.288261994513004,0.5282883030506594,shopping,0.0,0,0.0,0,68.98
2025-01-02 10:45:00,4.7238901095914185,0.4268837375452176,shopping,0.0,0,0.0,0,68.98
2025-01-02 11:00:00,4.216043876841437,0.4158565730799707,shopping,0.0,0,0.0,0,73.54
2025-01-02 11:15:00,4.154163501197455,0.561569664951836,shopping,0.0,0,0.0,0,73.54
2025-01-02 11:30:00,4.934194376683737,0.7876907029624955,shopping,0.0,0,0.0,0,73.54
2025-01-02 11:45:00,4.999621270569065,0.55927510213383,shopping,0.0,0,0.0,0,73.54
2025-01-02 12:00:00,4.550827432384796,0.5381522769317302,shopping,0.0,0,0.0,0,78.16
2025-01-02 12:15:00,4.906390832337547,0.5617397837458515,driving,1945.605976332247,0,0.4864014940830617,0,78.16
2025-01-02 12:30:00,5.199494856256527,0.6649712955949767,errands,0.0,0,0.0,0,78.16
2025-01-02 12:45:00,4.286385462223279,0.5478440410627343,errands,0.0,0,0.0,0,78.16
2025-01-02 13:00:00,5.002941008176694,0.5419093285387157,errands,0.0,0,0.0,0,78.87
2025-01-02 13:15:00,4.693224595098624,0.4847762076564875,errands,0.0,0,0.0,0,78.87
2025-01-02 13:30:00,5.712650296649368,0.702497377509324,errands,0.0,0,0.0,0,78.87
2025-01-02 13:45:00,4.654949669122247,0.6241009356483269,errands,0.0,0,0.0,0,78.87
2025-01-02 14:00:00,4.7028615735578905,0.5832356726130541,errands,0.0,0,0.0,0,79.24
2025-01-02 14:15:00,4.635591839327392,0.4272044999938197,errands,0.0,0,0.0,0,79.24
2025-01-02 14:30:00,4.882430111528658,0.5164725808974224,errands,0.0,0,0.0,0,79.24
2025-01-02 14:45:00,4.9706187705884926,0.4010027407234881,errands,0.0,0,0.0,0,79.24
2025-01-02 15:00:00,4.928316779229983,0.4816805419882801,errands,0.0,0,0.0,0,79.96
2025-01-02 15:15:00,4.223198116426197,0.7231775926426827,errands,0.0,0,0.0,0,79.96
2025-01-02 15:30:00,4.007764008856458,0.6795355783061388,errands,0.0,0,0.0,0,79.96
2025-01-02 15:45:00,3.828741802052,0.4090741431306757,errands,0.0,0,0.0,0,79.96
2025-01-02 16:00:00,3.6153829946298415,0.4557354174080468,errands,0.0,0,0.0,0,83.46
2025-01-02 16:15:00,3.526725479313728,0.7420756639263111,errands,0.0,0,0.0,0,83.46
2025-01-02 16:30:00,3.371364859770376,0.4391285339747481,errands,0.0,0,0.0,0,83.46
2025-01-02 16:45:00,3.2669753995676194,0.5902794211500648,errands,0.0,0,0.0,0,83.46
2025-01-02 17:00:00,3.599243388662273,1.479399671605402,errands,0.0,0,0.0,0,80.92
2025-01-02 17:15:00,2.8540176173450247,1.5248371407162795,errands,0.0,0,0.0,0,80.92
2025-01-02 17:30:00,2.640446273589964,1.5909248278321009,errands,0.0,0,0.0,0,80.92
2025-01-02 17:45:00,2.517873537167986,1.6968406827356697,errands,0.0,0,0.0,0,80.92
2025-01-02 18:00:00,2.1132216697052537,0.964379141543408,errands,0.0,0,0.0,0,74.95
2025-01-02 18:15:00,1.990627637309148,1.1070859926146142,driving,5877.383501134255,0,0.8325545629733931,0,74.95
2025-01-02 18:30:00,1.8493123416859467,0.9252755197652012,driving,783.0530026528893,0,0.8325545629733931,0,74.95
2025-01-02 18:45:00,1.0663789172253193,0.8243047753236106,home,0.0,1,0.0,11,74.95
2025-01-02 19:00:00,1.142678472792688,1.1663947802841876,home,0.0,1,0.0,11,63.18
2025-01-02 19:15:00,0.8004148253019512,1.0671092224551977,home,0.0,1,0.0,11,63.18
2025-01-02 19:30:00,0.607043057549994,1.093884895348351,home,0.0,1,0.0,11,63.18
2025-01-02 19:45:00,0.6811085687299926,1.7943883959350388,home,0.0,1,0.0,11,63.18
2025-01-02 20:00:00,0.0,1.6887190163537211,home,0.0,1,0.0,11,57.11
2025-01-02 20:15:00,0.0,1.0575928959408287,home,0.0,1,0.0,11,57.11
2025-01-02 20:30:00,0.0,1.56064457851685,home,0.0,1,0.0,11,57.11
2025-01-02 20:45:00,0.0,1.4103200769287534,home,0.0,1,0.0,11,57.11
2025-01-02 21:00:00,0.0,1.0307370170853534,home,0.0,1,0.0,11,46.89
2025-01-02 21:15:00,0.0,0.6268057053324874,home,0.0,1,0.0,11,46.89
2025-01-02 21:30:00,0.0,0.735640976629728,home,0.0,1,0.0,11,46.89
2025-01-02 21:45:00,0.0,0.6430671621029604,home,0.0,1,0.0,11,46.89
2025-01-02 22:00:00,0.0,0.4998577889677835,home,0.0,1,0.0,11,40.0
2025-01-02 22:15:00,0.0,0.5851249275974797,home,0.0,1,0.0,11,40.0
2025-01-02 22:30:00,0.0,0.7427549215081979,home,0.0,1,0.0,11,40.0
2025-01-02 22:45:00,0.0,0.5523984516627205,home,0.0,1,0.0,11,40.0
2025-01-02 23:00:00,0.0,0.7801009140012212,home,0.0,1,0.0,11,7.43
2025-01-02 23:15:00,0.0,0.5599187941574177,home,0.0,1,0.0,11,7.43
2025-01-02 23:30:00,0.0,0.6673732304112501,home,0.0,1,0.0,11,7.43
2025-01-02 23:45:00,0.0,0.5059547032042789,home,0.0,1,0.0,11,7.43
2025-01-03 00:00:00,0.0,0.4640820382898584,home,0.0,1,0.0,11,-0.08
2025-01-03 00:15:00,0.0,0.66772332904696,home,0.0,1,0.0,11,-0.08
2025-01-03 00:30:00,0.0,0.4462578567778957,home,0.0,1,0.0,11,-0.08
2025-01-03 00:45:00,0.0,0.576054490550534,home,0.0,1,0.0,11,-0.08
2025-01-03 01:00:00,0.0,0.7513602006941364,home,0.0,1,0.0,11,-1.23
2025-01-03 01:15:00,0.0,0.4493192418931742,home,0.0,1,0.0,11,-1.23
2025-01-03 01:30:00,0.0,0.6343531545082002,home,0.0,1,0.0,11,-1.23
2025-01-03 01:45:00,0.0,0.4732399506855055,home,0.0,1,0.0,11,-1.23
2025-01-03 02:00:00,0.0,0.5219112689969785,home,0.0,1,0.0,11,-1.3
2025-01-03 02:15:00,0.0,0.4161551976302058,home,0.0,1,0.0,11,-1.3
2025-01-03 02:30:00,0.0,0.7892869568911707,home,0.0,1,0.0,11,-1.3
2025-01-03 02:45:00,0.0,0.4268813851788971,home,0.0,1,0.0,11,-1.3
2025-01-03 03:00:00,0.0,0.4150678750296134,home,0.0,1,0.0,11,-1.31
2025-01-03 03:15:00,0.0,0.7508007965616919,home,0.0,1,0.0,11,-1.31
2025-01-03 03:30:00,0.0,0.4211196770191505,home,0.0,1,0.0,11,-1.31
2025-01-03 03:45:00,0.0,0.7697888759374485,home,0.0,1,0.0,11,-1.31
2025-01-03 04:00:00,0.0,0.6052317143354073,home,0.0,1,0.0,11,-1.31
2025-01-03 04:15:00,0.0,0.4181586164045964,home,0.0,1,0.0,11,-1.31
2025-01-03 04:30:00,0.0,0.5654506509664825,home,0.0,1,0.0,11,-1.31
2025-01-03 04:45:00,0.0,0.6742492330885184,home,0.0,1,0.0,11,-1.31
2025-01-03 05:00:00,0.0,0.6143349811410694,home,0.0,1,0.0,11,-1.38
2025-01-03 05:15:00,0.0,0.5587796203118163,home,0.0,1,0.0,11,-1.38
2025-01-03 05:30:00,0.0,0.4468986989304505,home,0.0,1,0.0,11,-1.38
2025-01-03 05:45:00,0.0,0.7948741032156872,home,0.0,1,0.0,11,-1.38
2025-01-03 06:00:00,0.0160882397003391,1.096744693293191,home,0.0,1,0.0,11,1.09
2025-01-03 06:15:00,1.1219041354596522,1.235912794787675,home,0.0,1,0.0,11,1.09
2025-01-03 06:30:00,0.571159778572735,1.404397363297243,home,0.0,1,0.0,11,1.09
2025-01-03 06:45:00,0.1953503005935427,1.5277884100997643,home,0.0,1,0.0,11,1.09
2025-01-03 07:00:00,1.3534871906017418,1.646977505176664,home,0.0,1,0.0,11,40.59
2025-01-03 07:15:00,1.0556757190186017,1.6351766833395016,home,0.0,1,0.0,11,40.59
2025-01-03 07:30:00,1.6322921682670597,1.0766054699755878,home,0.0,1,0.0,11,40.59
2025-01-03 07:45:00,2.2678669892798102,1.0647219496255589,home,0.0,1,0.0,11,40.59
2025-01-03 08:00:00,2.209035246236078,1.0266997161625364,home,0.0,1,0.0,11,59.61
2025-01-03 08:15:00,2.22212477643371,0.6524847277181176,home,0.0,1,0.0,11,59.61
2025-01-03 08:30:00,2.6987197128958247,0.7853799983755925,home,0.0,1,0.0,11,59.61
2025-01-03 08:45:00,3.0681499856878656,0.4068567949520588,home,0.0,1,0.0,11,59.61
2025-01-03 09:00:00,3.4046939503718208,0.5015012678360521,home,0.0,1,0.0,11,60.61
2025-01-03 09:15:00,3.2607704293265805,0.7828971654795571,home,0.0,1,0.0,11,60.61
2025-01-03 09:30:00,3.2765138287789,0.6114358355361202,home,0.0,1,0.0,11,60.61
2025-01-03 09:45:00,3.923338206152337,0.4855134508202947,home,0.0,1,0.0,11,60.61
2025-01-03 10:00:00,3.70433351347786,0.5970915970764954,home,0.0,1,0.0,11,57.0
2025-01-03 10:15:00,4.278903570349163,0.5712518422305313,home,0.0,1,0.0,11,57.0
2025-01-03 10:30:00,4.42785192183268,0.6237008827379602,home,0.0,1,0.0,11,57.0
2025-01-03 10:45:00,3.845519250062713,0.4789144556993983,home,0.0,1,0.0,11,57.0
2025-01-03 11:00:00,4.600053687816083,0.4519605550865914,home,0.0,1,0.0,11,54.89
2025-01-03 11:15:00,4.981178835245027,0.7342258742873315,home,0.0,1,0.0,11,54.89
2025-01-03 11:30:00,4.23538400441034,0.5969025118207933,home,0.0,1,0.0,11,54.89
2025-01-03 11:45:00,4.662082781844184,0.4985459486150813,home,0.0,1,0.0,11,54.89
2025-01-03 12:00:00,4.991971778328445,0.7206114342121568,home,0.0,1,0.0,11,53.89
2025-01-03 12:15:00,4.710491845270427,0.4220878398484534,home,0.0,1,0.0,11,53.89
2025-01-03 12:30:00,4.6833535446739,0.685471128841735,home,0.0,1,0.0,11,53.89
2025-01-03 12:45:00,4.609694857495288,0.5556990181387147,home,0.0,1,0.0,11,53.89
2025-01-03 13:00:00,4.6218461110055244,0.7463898874649582,home,0.0,1,0.0,11,54.42
2025-01-03 13:15:00,4.717595822853687,0.6603100825232209,home,0.0,1,0.0,11,54.42
2025-01-03 13:30:00,5.217605684660085,0.6186993674870236,home,0.0,1,0.0,11,54.42
2025-01-03 13:45:00,4.708108340451858,0.7830563234438161,home,0.0,1,0.0,11,54.42
2025-01-03 14:00:00,4.773461220338054,0.5664500677093864,home,0.0,1,0.0,11,60.86
2025-01-03 14:15:00,4.33304111485052,0.5542620594158183,home,0.0,1,0.0,11,60.86
2025-01-03 14:30:00,4.515523318895121,0.6482169652577094,home,0.0,1,0.0,11,60.86
2025-01-03 14:45:00,4.623387250241312,0.7735919928781714,home,0.0,1,0.0,11,60.86
2025-01-03 15:00:00,4.6605582265735785,0.5867563057416141,home,0.0,1,0.0,11,67.18
2025-01-03 15:15:00,4.675166499152378,0.6779687855583059,home,0.0,1,0.0,11,67.18
2025-01-03 15:30:00,4.229022894986392,0.6180927356812356,home,0.0,1,0.0,11,67.18
2025-01-03 15:45:00,4.185175782874867,0.5056026051151329,home,0.0,1,0.0,11,67.18
2025-01-03 16:00:00,4.199113040965868,0.747539628066346,home,0.0,1,0.0,11,73.59
2025-01-03 16:15:00,3.626361056229821,0.5759780077967436,home,0.0,1,0.0,11,73.59
2025-01-03 16:30:00,3.4222403643836445,0.6165705082628565,home,0.0,1,0.0,11,73.59
2025-01-03 16:45:00,3.682670058644545,0.5337597247384621,home,0.0,1,0.0,11,73.59
2025-01-03 17:00:00,3.1573171632965287,0.937587292562016,home,0.0,1,0.0,11,82.28
2025-01-03 17:15:00,2.9120277341353984,1.1067718892434069,home,0.0,1,0.0,11,82.28
2025-01-03 17:30:00,2.850830455048225,0.9145944574213948,home,0.0,1,0.0,11,82.28
2025-01-03 17:45:00,2.45744056161105,1.7259513604206422,home,0.0,1,0.0,11,82.28
2025-01-03 18:00:00,2.146274056874834,0.9866467035587764,home,0.0,1,0.0,11,82.97
2025-01-03 18:15:00,2.275418015559469,1.1067380028384592,home,0.0,1,0.0,11,82.97
2025-01-03 18:30:00,1.5359537008198612,0.9811400969756544,home,0.0,1,0.0,11,82.97
2025-01-03 18:45:00,1.497379714243336,1.7374321605155096,home,0.0,1,0.0,11,82.97
2025-01-03 19:00:00,0.4335402890148746,1.0764816917905908,home,0.0,1,0.0,11,79.03
2025-01-03 19:15:00,0.8979451302207995,1.1892652868127322,home,0.0,1,0.0,11,79.03
2025-01-03 19:30:00,0.9914928165903564,1.207037059899831,home,0.0,1,0.0,11,79.03
2025-01-03 19:45:00,0.2564006747965883,1.3142910076267715,home,0.0,1,0.0,11,79.03
2025-01-03 20:00:00,0.0,1.1808767611275166,home,0.0,1,0.0,11,73.23
2025-01-03 20:15:00,0.0,1.0985781536385093,home,0.0,1,0.0,11,73.23
2025-01-03 20:30:00,0.0,1.128830950392401,home,0.0,1,0.0,11,73.23
2025-01-03 20:45:00,0.0,1.6688101730292184,home,0.0,1,0.0,11,73.23
2025-01-03 21:00:00,0.0,1.4617617060828123,home,0.0,1,0.0,11,67.41
2025-01-03 21:15:00,0.0,0.7645429123799867,home,0.0,1,0.0,11,67.41
2025-01-03 21:30:00,0.0,0.5647505044010226,home,0.0,1,0.0,11,67.41
2025-01-03 21:45:00,0.0,0.5846671519550777,home,0.0,1,0.0,11,67.41
2025-01-03 22:00:00,0.0,0.6088931126055239,home,0.0,1,0.0,11,65.0
2025-01-03 22:15:00,0.0,0.4860485254507635,home,0.0,1,0.0,11,65.0
2025-01-03 22:30:00,0.0,0.7656072902671516,home,0.0,1,0.0,11,65.0
2025-01-03 22:45:00,0.0,0.4440351377858212,home,0.0,1,0.0,11,65.0
2025-01-03 23:00:00,0.0,0.5395057390492378,home,0.0,1,0.0,11,58.12
2025-01-03 23:15:00,0.0,0.7502419293106357,home,0.0,1,0.0,11,58.12
2025-01-03 23:30:00,0.0,0.4875866213454794,home,0.0,1,0.0,11,58.12
2025-01-03 23:45:00,0.0,0.6839333855483718,home,0.0,1,0.0,11,58.12
2025-01-04 00:00:00,0.0,0.6333803752895215,home,0.0,1,0.0,11,57.3
2025-01-04 00:15:00,0.0,0.5150825236247645,home,0.0,1,0.0,11,57.3
2025-01-04 00:30:00,0.0,0.5315883374741954,home,0.0,1,0.0,11,57.3
2025-01-04 00:45:00,0.0,0.4400207388910226,home,0.0,1,0.0,11,57.3
2025-01-04 01:00:00,0.0,0.4815999378317465,home,0.0,1,0.0,11,50.46
2025-01-04 01:15:00,0.0,0.5669154854690293,home,0.0,1,0.0,11,50.46
2025-01-04 01:30:00,0.0,0.5421978791772613,home,0.0,1,0.0,11,50.46
2025-01-04 01:45:00,0.0,0.4525543909769768,home,0.0,1,0.0,11,50.46
2025-01-04 02:00:00,0.0,0.5280529884583607,home,0.0,1,0.0,11,40.0
2025-01-04 02:15:00,0.0,0.7517617568101314,home,0.0,1,0.0,11,40.0
2025-01-04 02:30:00,0.0,0.6194948765943189,home,0.0,1,0.0,11,40.0
2025-01-04 02:45:00,0.0,0.4505781475195352,home,0.0,1,0.0,11,40.0
2025-01-04 03:00:00,0.0,0.6892628057813583,home,0.0,1,0.0,11,25.48
2025-01-04 03:15:00,0.0,0.7461668863360673,home,0.0,1,0.0,11,25.48
2025-01-04 03:30:00,0.0,0.5084511596548167,home,0.0,1,0.0,11,25.48
2025-01-04 03:45:00,0.0,0.4373495413374811,home,0.0,1,0.0,11,25.48
2025-01-04 04:00:00,0.0,0.6143541668860977,home,0.0,1,0.0,11,35.0
2025-01-04 04:15:00,0.0,0.4302811044290683,home,0.0,1,0.0,11,35.0
2025-01-04 04:30:00,0.0,0.7566433064914655,home,0.0,1,0.0,11,35.0
2025-01-04 04:45:00,0.0,0.705277473397216,home,0.0,1,0.0,11,35.0
2025-01-04 05:00:00,0.0,0.4648548436012345,home,0.0,1,0.0,11,57.73
2025-01-04 05:15:00,0.0,0.7581226382808983,home,0.0,1,0.0,11,57.73
2025-01-04 05:30:00,0.0,0.4589445090708751,home,0.0,1,0.0,11,57.73
2025-01-04 05:45:00,0.0,0.5828434031753671,home,0.0,1,0.0,11,57.73
2025-01-04 06:00:00,0.0,1.7252429736616348,home,0.0,1,0.0,11,72.65
2025-01-04 06:15:00,0.4742386357945697,1.272400982069208,home,0.0,1,0.0,11,72.65
2025-01-04 06:30:00,0.2848799792234423,1.103355366350693,home,0.0,1,0.0,11,72.65
2025-01-04 06:45:00,1.117308223793759,1.7170214566026194,home,0.0,1,0.0,11,72.65
2025-01-04 07:00:00,0.8644645103742944,1.48042853374962,home,0.0,1,0.0,11,85.02
2025-01-04 07:15:00,0.7350433926362738,1.259378075007665,home,0.0,1,0.0,11,85.02
2025-01-04 07:30:00,1.7470565212616105,1.596457115932778,home,0.0,1,0.0,11,85.02
2025-01-04 07:45:00,1.427617373336191,0.8415083042990705,home,0.0,1,0.0,11,85.02
2025-01-04 08:00:00,2.348119857154129,1.0681199650902475,home,0.0,1,0.0,11,91.47
2025-01-04 08:15:00,2.085103504021333,0.6689151519053138,home,0.0,1,0.0,11,91.47
2025-01-04 08:30:00,2.720978884119484,0.7112823600424467,home,0.0,1,0.0,11,91.47
2025-01-04 08:45:00,3.090357886016572,0.7028447888317249,home,0.0,1,0.0,11,91.47
2025-01-04 09:00:00,3.509587509653316,0.543179988271402,home,0.0,1,0.0,11,94.2
2025-01-04 09:15:00,3.052493617776401,0.7481486639664572,home,0.0,1,0.0,11,94.2
2025-01-04 09:30:00,3.632442529474722,0.6002764688350866,home,0.0,1,0.0,11,94.2
2025-01-04 09:45:00,3.563754731825473,0.722319741734464,home,0.0,1,0.0,11,94.2
2025-01-04 10:00:00,4.291808430313632,0.4539853385329165,home,0.0,1,0.0,11,91.61
2025-01-04 10:15:00,4.387870247459227,0.7099763478264585,home,0.0,1,0.0,11,91.61
2025-01-04 10:30:00,4.051310542551335,0.6923254085965675,driving,3448.3966055030346,0,0.8620991513757585,0,91.61
2025-01-04 10:45:00,4.033988470163568,0.4942457271968328,errands,0.0,0,0.0,0,91.61
2025-01-04 11:00:00,4.555763080912246,0.4945921867880231,errands,0.0,0,0.0,0,90.03
2025-01-04 11:15:00,4.781777261399785,0.7440200833320196,errands,0.0,0,0.0,0,90.03
2025-01-04 11:30:00,4.986975412972859,0.4671621401271418,errands,0.0,0,0.0,0,90.03
2025-01-04 11:45:00,5.34830994786387,0.7221481119680615,errands,0.0,0,0.0,0,90.03
2025-01-04 12:00:00,4.788730944684279,0.620773412678566,errands,0.0,0,0.0,0,86.3
2025-01-04 12:15:00,4.0538186269868905,0.5827976730226476,errands,0.0,0,0.0,0,86.3
2025-01-04 12:30:00,5.588688155811747,0.7887540641494588,driving,6899.189916051693,0,1.7247974790129237,0,86.3
2025-01-04 12:45:00,4.804434058734444,0.4138435400412967,home,0.0,1,0.0,11,86.3
2025-01-04 13:00:00,5.1131369423439486,0.5498827978382447,home,0.0,1,0.0,11,85.96
2025-01-04 13:15:00,5.321516088487226,0.7826119279977499,home,0.0,1,0.0,11,85.96
2025-01-04 13:30:00,4.532492134014047,0.548503643156542,home,0.0,1,0.0,11,85.96
2025-01-04 13:45:00,5.076736703898998,0.6929889733874286,driving,5008.833919310903,0,0.658723280028276,0,85.96
2025-01-04 14:00:00,4.754517974793458,0.6269620310862418,driving,260.95232091530323,0,0.658723280028276,0,92.11
2025-01-04 14:15:00,4.535714540146813,0.4007773510077909,leisure,0.0,0,0.0,0,92.11
2025-01-04 14:30:00,4.3393043932236965,0.519427743551953,leisure,0.0,0,0.0,0,92.11
2025-01-04 14:45:00,4.960777214258358,0.7209997619966104,driving,4997.325909900407,0,0.657160276571008,0,92.11
2025-01-04 15:00:00,4.532859842127141,0.5001145094879396,driving,259.9563026676552,0,0.657160276571008,0,98.62
2025-01-04 15:15:00,4.522305522559027,0.4512923753054896,errands,0.0,0,0.0,0,98.62
2025-01-04 15:30:00,4.199494245310022,0.4857560575913208,errands,0.0,0,0.0,0,98.62
2025-01-04 15:45:00,4.107144140514208,0.6074062035006285,errands,0.0,0,0.0,0,98.62
2025-01-04 16:00:00,4.091288423647261,0.5618713019311534,errands,0.0,0,0.0,0,105.73
2025-01-04 16:15:00,3.1923068452836105,0.5465299128604069,errands,0.0,0,0.0,0,105.73
2025-01-04 16:30:00,3.351596599905763,0.725701751498464,errands,0.0,0,0.0,0,105.73
2025-01-04 16:45:00,3.232199009338619,0.4762531972701704,driving,2021.346809299909,0,0.5053367023249772,0,105.73
2025-01-04 17:00:00,3.617759047521632,1.5553441754235136,home,0.0,1,0.0,11,133.23
2025-01-04 17:15:00,3.028962703698785,1.690022788124801,home,0.0,1,0.0,11,133.23
2025-01-04 17:30:00,2.749610782072636,1.689928119759626,home,0.0,1,0.0,11,133.23
2025-01-04 17:45:00,2.230849146483072,1.230827862626537,home,0.0,1,0.0,11,133.23
2025-01-04 18:00:00,2.315771657418198,1.3921557018945043,home,0.0,1,0.0,11,144.65
2025-01-04 18:15:00,1.5749896056716546,1.241559086477619,home,0.0,1,0.0,11,144.65
2025-01-04 18:30:00,2.102086256986363,1.590317977043959,home,0.0,1,0.0,11,144.65
2025-01-04 18:45:00,0.8316096162712664,1.08474531811716,home,0.0,1,0.0,11,144.65
2025-01-04 19:00:00,1.2504161604479462,1.1944308401203336,home,0.0,1,0.0,11,125.0
2025-01-04 19:15:00,0.7178089178566341,1.0019168536541394,home,0.0,1,0.0,11,125.0
2025-01-04 19:30:00,0.5649639179166308,1.4637227075862016,home,0.0,1,0.0,11,125.0
2025-01-04 19:45:00,0.843736653533963,1.7894256029318771,home,0.0,1,0.0,11,125.0
2025-01-04 20:00:00,0.0,0.9303062383662328,home,0.0,1,0.0,11,103.59
2025-01-04 20:15:00,0.0,1.0442643896256556,home,0.0,1,0.0,11,103.59
2025-01-04 20:30:00,0.0,1.7230804900575272,home,0.0,1,0.0,11,103.59
2025-01-04 20:45:00,0.0,0.8843452874207356,home,0.0,1,0.0,11,103.59
2025-01-04 21:00:00,0.0,1.6551645115895248,home,0.0,1,0.0,11,100.01
2025-01-04 21:15:00,0.0,0.4729384323516337,home,0.0,1,0.0,11,100.01
2025-01-04 21:30:00,0.0,0.7848287789737445,home,0.0,1,0.0,11,100.01
2025-01-04 21:45:00,0.0,0.5339818652949962,home,0.0,1,0.0,11,100.01
2025-01-04 22:00:00,0.0,0.7546042967364333,home,0.0,1,0.0,11,94.86
2025-01-04 22:15:00,0.0,0.6643209208307275,home,0.0,1,0.0,11,94.86
2025-01-04 22:30:00,0.0,0.620485048710373,home,0.0,1,0.0,11,94.86
2025-01-04 22:45:00,0.0,0.7743094932005596,home,0.0,1,0.0,11,94.86
2025-01-04 23:00:00,0.0,0.4720625561187476,home,0.0,1,0.0,11,88.83
2025-01-04 23:15:00,0.0,0.5427886279718908,home,0.0,1,0.0,11,88.83
2025-01-04 23:30:00,0.0,0.6797194497382102,home,0.0,1,0.0,11,88.83
2025-01-04 23:45:00,0.0,0.672834921734311,home,0.0,1,0.0,11,88.83
2025-01-05 00:00:00,0.0,0.7043421926503752,home,0.0,1,0.0,11,86.08
2025-01-05 00:15:00,0.0,0.4992588893552697,home,0.0,1,0.0,11,86.08
2025-01-05 00:30:00,0.0,0.5323811938283876,home,0.0,1,0.0,11,86.08
2025-01-05 00:45:00,0.0,0.6831156742855742,home,0.0,1,0.0,11,86.08
2025-01-05 01:00:00,0.0,0.4784977030995579,home,0.0,1,0.0,11,80.51
2025-01-05 01:15:00,0.0,0.6236033779509165,home,0.0,1,0.0,11,80.51
2025-01-05 01:30:00,0.0,0.7064023762538125,home,0.0,1,0.0,11,80.51
2025-01-05 01:45:00,0.0,0.7796930784537146,home,0.0,1,0.0,11,80.51
2025-01-05 02:00:00,0.0,0.6795659976210349,home,0.0,1,0.0,11,77.01
2025-01-05 02:15:00,0.0,0.6601867421206402,home,0.0,1,0.0,11,77.01
2025-01-05 02:30:00,0.0,0.6310712137603409,home,0.0,1,0.0,11,77.01
2025-01-05 02:45:00,0.0,0.7202567328459424,home,0.0,1,0.0,11,77.01
2025-01-05 03:00:00,0.0,0.70891471784022,home,0.0,1,0.0,11,73.21
2025-01-05 03:15:00,0.0,0.4634166932810659,home,0.0,1,0.0,11,73.21
2025-01-05 03:30:00,0.0,0.402217474451627,home,0.0,1,0.0,11,73.21
2025-01-05 03:45:00,0.0,0.4091245978126433,home,0.0,1,0.0,11,73.21
2025-01-05 04:00:00,0.0,0.7181560642265121,home,0.0,1,0.0,11,74.05
2025-01-05 04:15:00,0.0,0.6378767928255431,home,0.0,1,0.0,11,74.05
2025-01-05 04:30:00,0.0,0.4504520619524606,home,0.0,1,0.0,11,74.05
2025-01-05 04:45:00,0.0,0.7556817113797003,home,0.0,1,0.0,11,74.05
2025-01-05 05:00:00,0.0,0.5650472006910374,home,0.0,1,0.0,11,76.03
2025-01-05 05:15:00,0.0,0.5636843411709136,home,0.0,1,0.0,11,76.03
2025-01-05 05:30:00,0.0,0.7630624833428528,home,0.0,1,0.0,11,76.03
2025-01-05 05:45:00,0.0,0.4176523314583112,home,0.0,1,0.0,11,76.03
2025-01-05 06:00:00,0.0251464754274109,1.4947083890552737,home,0.0,1,0.0,11,81.0
2025-01-05 06:15:00,0.4677780636292989,1.0762975270615665,home,0.0,1,0.0,11,81.0
2025-01-05 06:30:00,0.3094882161778758,0.8192144390872877,home,0.0,1,0.0,11,81.0
2025-01-05 06:45:00,1.045486260197738,1.6504749885340106,home,0.0,1,0.0,11,81.0
2025-01-05 07:00:00,1.2620752605331669,1.742680627821651,home,0.0,1,0.0,11,87.0
2025-01-05 07:15:00,1.4520362004430831,1.02909795411409,home,0.0,1,0.0,11,87.0
2025-01-05 07:30:00,1.8469596794069592,1.611578916851318,home,0.0,1,0.0,11,87.0
2025-01-05 07:45:00,1.9446626764445871,1.796765279186565,home,0.0,1,0.0,11,87.0
2025-01-05 08:00:00,2.282196389480661,1.3245162492254632,home,0.0,1,0.0,11,89.57
2025-01-05 08:15:00,2.4366537254743443,0.485984026999781,home,0.0,1,0.0,11,89.57
2025-01-05 08:30:00,2.355202256021625,0.5761285686598401,home,0.0,1,0.0,11,89.57
2025-01-05 08:45:00,2.444829762014836,0.4074188406072517,driving,2038.5058482357745,0,0.5096264620589436,0,89.57
2025-01-05 09:00:00,3.1363722586572846,0.4731240906194166,shopping,0.0,0,0.0,0,94.93
2025-01-05 09:15:00,3.013718824269421,0.7869280367677498,shopping,0.0,0,0.0,0,94.93
2025-01-05 09:30:00,3.2724286458263503,0.7181807148374137,shopping,0.0,0,0.0,0,94.93
2025-01-05 09:45:00,4.068798831456765,0.7079770384032482,shopping,0.0,0,0.0,0,94.93
2025-01-05 10:00:00,3.286503874466089,0.5382032554360868,shopping,0.0,0,0.0,0,96.28
2025-01-05 10:15:00,4.040331072479918,0.6564962161626855,shopping,0.0,0,0.0,0,96.28
2025-01-05 10:30:00,3.981978607545333,0.4049380531072339,shopping,0.0,0,0.0,0,96.28
2025-01-05 10:45:00,4.468181384679623,0.4892099589103644,shopping,0.0,0,0.0,0,96.28
2025-01-05 11:00:00,4.553743936437462,0.7987800036387251,shopping,0.0,0,0.0,0,98.22
2025-01-05 11:15:00,5.023667501028117,0.6539321191634524,shopping,0.0,0,0.0,0,98.22
2025-01-05 11:30:00,4.469563962119803,0.5190316713690206,shopping,0.0,0,0.0,0,98.22
2025-01-05 11:45:00,4.517364677390631,0.5780846838575104,shopping,0.0,0,0.0,0,98.22
2025-01-05 12:00:00,5.033131323031082,0.4239918644285481,shopping,0.0,0,0.0,0,92.24
2025-01-05 12:15:00,4.69693408442173,0.4025287014909396,shopping,0.0,0,0.0,0,92.24
2025-01-05 12:30:00,4.4110560376825925,0.7064284653142505,shopping,0.0,0,0.0,0,92.24
2025-01-05 12:45:00,4.859820075710098,0.412146302052543,shopping,0.0,0,0.0,0,92.24
2025-01-05 13:00:00,5.292895018574479,0.6800877603920403,shopping,0.0,0,0.0,0,91.54
2025-01-05 13:15:00,4.946015718281951,0.7275657627625505,driving,13310.717491453584,0,2.9737940519984907,0,91.54
2025-01-05 13:30:00,4.673817820924863,0.5892160324860174,driving,13567.984745764968,0,2.9737940519984907,0,91.54
2025-01-05 13:45:00,4.859138780209356,0.6179117068696802,driving,8806.82638676334,0,2.9737940519984907,0,91.54
2025-01-05 14:00:00,4.947152922399594,0.572895500176247,leisure,0.0,0,0.0,0,96.41
2025-01-05 14:15:00,4.983719815629622,0.5696796458255315,leisure,0.0,0,0.0,0,96.41
2025-01-05 14:30:00,4.558266013802323,0.5883112534104606,leisure,0.0,0,0.0,0,96.41
2025-01-05 14:45:00,5.033897920890012,0.421156392088325,driving,3920.2953816462814,0,0.92775917090335,0,96.41
2025-01-05 15:00:00,3.771886533678716,0.749321657786876,driving,3636.2654865000586,0,0.92775917090335,0,100.05
2025-01-05 15:15:00,4.407875057300311,0.4122806375186089,driving,4116.316323352173,0,0.92775917090335,0,100.05
2025-01-05 15:30:00,4.3290760764145775,0.7436064794755535,driving,3642.5687532279326,0,0.92775917090335,0,100.05
2025-01-05 15:45:00,3.760540170042844,0.5228221064607023,driving,4145.789657441392,0,0.92775917090335,0,100.05
2025-01-05 16:00:00,4.164320776030978,0.4263493643489781,driving,3670.1015441215177,0,0.92775917090335,0,102.97
2025-01-05 16:15:00,3.454903893431448,0.7510003650282504,driving,4075.669903293937,0,0.92775917090335,0,102.97
2025-01-05 16:30:00,4.244628423860872,0.605605883260913,driving,3611.687416457732,0,0.92775917090335,0,102.97
2025-01-05 16:45:00,3.540235124599123,0.6220278824375973,driving,4169.975622801119,0,0.92775917090335,0,102.97
2025-01-05 17:00:00,2.7340492178030886,1.1487788156493637,driving,2121.6967472918623,0,0.92775917090335,0,107.38
2025-01-05 17:15:00,2.7112774728673474,1.227116822052347,home,0.0,1,0.0,11,107.38
2025-01-05 17:30:00,3.0430308445455854,1.6625468495634057,home,0.0,1,0.0,11,107.38
2025-01-05 17:45:00,2.443446468726528,1.134927394855812,home,0.0,1,0.0,11,107.38
2025-01-05 18:00:00,2.0315839118771493,0.8315914270798244,home,0.0,1,0.0,11,108.45
2025-01-05 18:15:00,2.074479686220748,1.1678137504762702,home,0.0,1,0.0,11,108.45
2025-01-05 18:30:00,1.6638207351258951,1.0599261300724312,driving,9566.75928763198,0,1.2961022763239796,0,108.45
2025-01-05 18:45:00,1.4156884111067405,1.323708385701985,driving,802.0589229598593,0,1.2961022763239796,0,108.45
2025-01-05 19:00:00,0.951486703190014,1.2760261142633216,errands,0.0,0,0.0,0,103.96
2025-01-05 19:15:00,0.7629701756834634,1.2411927584264937,errands,0.0,0,0.0,0,103.96
2025-01-05 19:30:00,0.371109112787937,0.8352890762614309,errands,0.0,0,0.0,0,103.96
2025-01-05 19:45:00,0.2523087133531186,0.9623246745547184,errands,0.0,0,0.0,0,103.96
2025-01-05 20:00:00,0.3819895588122218,1.7772849085793931,errands,0.0,0,0.0,0,100.09
2025-01-05 20:15:00,0.0,1.58111832387702,errands,0.0,0,0.0,0,100.09
2025-01-05 20:30:00,0.0,1.2272140800602789,errands,0.0,0,0.0,0,100.09
2025-01-05 20:45:00,0.0,1.5688645925999405,errands,0.0,0,0.0,0,100.09
2025-01-05 21:00:00,0.0,0.8648190289052142,errands,0.0,0,0.0,0,94.19
2025-01-05 21:15:00,0.0,0.6436542166366954,errands,0.0,0,0.0,0,94.19
2025-01-05 21:30:00,0.0,0.4472430096130225,errands,0.0,0,0.0,0,94.19
2025-01-05 21:45:00,0.0,0.6554734408592438,errands,0.0,0,0.0,0,94.19
2025-01-05 22:00:00,0.0,0.6084966855700671,errands,0.0,0,0.0,0,94.92
2025-01-05 22:15:00,0.0,0.6858684158507284,errands,0.0,0,0.0,0,94.92
2025-01-05 22:30:00,0.0,0.7710430648435624,driving,2016.80502510535,0,0.5042012562763375,0,94.92
2025-01-05 22:45:00,0.0,0.460004715568039,home,0.0,1,0.0,11,94.92
2025-01-05 23:00:00,0.0,0.7287922094967956,home,0.0,1,0.0,11,86.8
2025-01-05 23:15:00,0.0,0.6100020151882539,home,0.0,1,0.0,11,86.8
2025-01-05 23:30:00,0.0,0.7403514953273038,home,0.0,1,0.0,11,86.8
2025-01-05 23:45:00,0.0,0.4211679427410214,home,0.0,1,0.0,11,86.8
2025-01-06 00:00:00,0.0,0.7163317549933621,home,0.0,1,0.0,11,82.25
2025-01-06 00:15:00,0.0,0.4101670495654396,home,0.0,1,0.0,11,82.25
2025-01-06 00:30:00,0.0,0.5636632477318404,home,0.0,1,0.0,11,82.25
2025-01-06 00:45:00,0.0,0.6326712996717356,home,0.0,1,0.0,11,82.25
2025-01-06 01:00:00,0.0,0.5060422756986013,home,0.0,1,0.0,11,80.2
2025-01-06 01:15:00,0.0,0.6005354257478255,home,0.0,1,0.0,11,80.2
2025-01-06 01:30:00,0.0,0.4542133941536801,home,0.0,1,0.0,11,80.2
2025-01-06 01:45:00,0.0,0.4012674516835971,home,0.0,1,0.0,11,80.2
2025-01-06 02:00:00,0.0,0.7833313527899499,home,0.0,1,0.0,11,76.13
2025-01-06 02:15:00,0.0,0.4392886665824008,home,0.0,1,0.0,11,76.13
2025-01-06 02:30:00,0.0,0.7832064750015593,home,0.0,1,0.0,11,76.13
2025-01-06 02:45:00,0.0,0.577241859368244,home,0.0,1,0.0,11,76.13
2025-01-06 03:00:00,0.0,0.4009723188979847,home,0.0,1,0.0,11,73.01
2025-01-06 03:15:00,0.0,0.633286540709713,home,0.0,1,0.0,11,73.01
2025-01-06 03:30:00,0.0,0.7111516399422317,home,0.0,1,0.0,11,73.01
2025-01-06 03:45:00,0.0,0.4876305897918179,home,0.0,1,0.0,11,73.01
2025-01-06 04:00:00,0.0,0.7092000533026428,home,0.0,1,0.0,11,73.01
2025-01-06 04:15:00,0.0,0.6730169224689446,home,0.0,1,0.0,11,73.01
2025-01-06 04:30:00,0.0,0.7331769493629532,home,0.0,1,0.0,11,73.01
2025-01-06 04:45:00,0.0,0.7623241680892885,home,0.0,1,0.0,11,73.01
2025-01-06 05:00:00,0.0,0.5526603993978041,home,0.0,1,0.0,11,74.59
2025-01-06 05:15:00,0.0,0.7262250821083311,home,0.0,1,0.0,11,74.59
2025-01-06 05:30:00,0.0,0.4631349394998389,home,0.0,1,0.0,11,74.59
2025-01-06 05:45:00,0.0,0.7287104338935826,home,0.0,1,0.0,11,74.59
2025-01-06 06:00:00,0.3978440541359841,0.8648896171236666,home,0.0,1,0.0,11,75.1
2025-01-06 06:15:00,0.3597919563544339,0.9290668931565436,home,0.0,1,0.0,11,75.1
2025-01-06 06:30:00,0.3181495508974608,1.572930217123109,home,0.0,1,0.0,11,75.1
2025-01-06 06:45:00,0.712264067271821,1.5865157273205257,home,0.0,1,0.0,11,75.1
2025-01-06 07:00:00,0.9859744956832224,1.0321288066123524,home,0.0,1,0.0,11,81.39
2025-01-06 07:15:00,1.185692766533211,1.2444100582096005,home,0.0,1,0.0,11,81.39
2025-01-06 07:30:00,1.394924726342916,1.793037556013241,home,0.0,1,0.0,11,81.39
2025-01-06 07:45:00,2.2454919539002907,1.085914755672087,home,0.0,1,0.0,11,81.39
2025-01-06 08:00:00,2.1013083453706085,1.7367119700655709,home,0.0,1,0.0,11,88.4
2025-01-06 08:15:00,2.892778736540151,0.4643287127038933,home,0.0,1,0.0,11,88.4
2025-01-06 08:30:00,2.599470638973525,0.7560280276781182,home,0.0,1,0.0,11,88.4
2025-01-06 08:45:00,2.9172464714581654,0.5148651788728102,home,0.0,1,0.0,11,88.4
2025-01-06 09:00:00,3.568960758971804,0.7370222749372186,home,0.0,1,0.0,11,92.23
2025-01-06 09:15:00,3.0390895231384847,0.4170814220118921,home,0.0,1,0.0,11,92.23
2025-01-06 09:30:00,3.16266365842822,0.4259355134319667,home,0.0,1,0.0,11,92.23
2025-01-06 09:45:00,3.6997948674117103,0.6338290278082488,home,0.0,1,0.0,11,92.23
2025-01-06 10:00:00,4.337950689877504,0.5380192179709848,home,0.0,1,0.0,11,97.3
2025-01-06 10:15:00,3.924488224758465,0.7625179225833261,home,0.0,1,0.0,11,97.3
2025-01-06 10:30:00,4.174636795057501,0.5833045219306432,home,0.0,1,0.0,11,97.3
2025-01-06 10:45:00,3.768286907064669,0.5132851135765368,home,0.0,1,0.0,11,97.3
2025-01-06 11:00:00,4.226779752164398,0.5290082585600203,home,0.0,1,0.0,11,100.43
2025-01-06 11:15:00,4.299757807147116,0.6353558990002994,home,0.0,1,0.0,11,100.43
2025-01-06 11:30:00,4.353659616726524,0.4931796136221471,home,0.0,1,0.0,11,100.43
2025-01-06 11:45:00,5.025722292926661,0.4589804313667436,home,0.0,1,0.0,11,100.43
2025-01-06 12:00:00,5.0617144932624445,0.5670739976802504,home,0.0,1,0.0,11,99.16
2025-01-06 12:15:00,5.223638285297139,0.6173240732905954,home,0.0,1,0.0,11,99.16
2025-01-06 12:30:00,4.641071314658544,0.6924257454412874,home,0.0,1,0.0,11,99.16
2025-01-06 12:45:00,4.834690997386179,0.4089026352017672,home,0.0,1,0.0,11,99.16
2025-01-06 13:00:00,4.677391602366662,0.6456228573649068,home,0.0,1,0.0,11,95.22
2025-01-06 13:15:00,4.845544499352759,0.4844969872595625,home,0.0,1,0.0,11,95.22
2025-01-06 13:30:00,4.378173381391934,0.7885972913329051,home,0.0,1,0.0,11,95.22
2025-01-06 13:45:00,5.102972857536352,0.5403638538841379,home,0.0,1,0.0,11,95.22
2025-01-06 14:00:00,4.346006628181407,0.5095574425019925,home,0.0,1,0.0,11,92.55
2025-01-06 14:15:00,5.274461713250167,0.5001940041374343,home,0.0,1,0.0,11,92.55
2025-01-06 14:30:00,5.054414533103843,0.5084326555883425,home,0.0,1,0.0,11,92.55
2025-01-06 14:45:00,4.922197481917992,0.4505581874613774,home,0.0,1,0.0,11,92.55
2025-01-06 15:00:00,3.985571903645813,0.4260279307916267,home,0.0,1,0.0,11,95.09
2025-01-06 15:15:00,4.226235114354149,0.5130516376681442,home,0.0,1,0.0,11,95.09
2025-01-06 15:30:00,4.302012302292949,0.5346409409016796,home,0.0,1,0.0,11,95.09
2025-01-06 15:45:00,3.9800148383016,0.7089473715068411,home,0.0,1,0.0,11,95.09
2025-01-06 16:00:00,3.739035201334413,0.4573939347982189,home,0.0,1,0.0,11,99.85
2025-01-06 16:15:00,3.919030708157873,0.6350173530857115,home,0.0,1,0.0,11,99.85
2025-01-06 16:30:00,3.502808296179305,0.4907612498376609,home,0.0,1,0.0,11,99.85
2025-01-06 16:45:00,3.206722595566432,0.6940283314945235,home,0.0,1,0.0,11,99.85
2025-01-06 17:00:00,3.74874504721644,1.436681014548446,home,0.0,1,0.0,11,104.27
2025-01-06 17:15:00,2.9610469706831384,1.6106065279278188,home,0.0,1,0.0,11,104.27
2025-01-06 17:30:00,2.870180294625012,1.5953300964956183,home,0.0,1,0.0,11,104.27
2025-01-06 17:45:00,1.8778125152814693,1.4784528689282712,home,0.0,1,0.0,11,104.27
2025-01-06 18:00:00,1.682049057566489,1.3430714558508547,home,0.0,1,0.0,11,103.63
2025-01-06 18:15:00,1.5868387767479577,0.9485143074395764,home,0.0,1,0.0,11,103.63
2025-01-06 18:30:00,1.6939400000139957,0.9245357745442933,home,0.0,1,0.0,11,103.63
2025-01-06 18:45:00,1.2928511551263604,1.695913342650378,home,0.0,1,0.0,11,103.63
2025-01-06 19:00:00,1.462164248174228,1.3369563183992748,home,0.0,1,0.0,11,99.0
2025-01-06 19:15:00,0.4073484274865508,1.335611287820525,home,0.0,1,0.0,11,99.0
2025-01-06 19:30:00,0.2634711785873186,1.2270419845795866,home,0.0,1,0.0,11,99.0
2025-01-06 19:45:00,0.4287112491614133,1.096938353797652,home,0.0,1,0.0,11,99.0
2025-01-06 20:00:00,0.1239308953844252,0.9632208169499644,home,0.0,1,0.0,11,92.14
2025-01-06 20:15:00,0.0,1.3774699553552112,home,0.0,1,0.0,11,92.14
2025-01-06 20:30:00,0.0,1.6745792168479634,home,0.0,1,0.0,11,92.14
2025-01-06 20:45:00,0.0,1.6701201236741048,home,0.0,1,0.0,11,92.14
2025-01-06 21:00:00,0.0,1.5368884486953307,home,0.0,1,0.0,11,88.0
2025-01-06 21:15:00,0.0,0.4505146590318631,home,0.0,1,0.0,11,88.0
2025-01-06 21:30:00,0.0,0.6469990834485373,home,0.0,1,0.0,11,88.0
2025-01-06 21:45:00,0.0,0.6955015403958462,home,0.0,1,0.0,11,88.0
2025-01-06 22:00:00,0.0,0.7599786109151776,home,0.0,1,0.0,11,86.57
2025-01-06 22:15:00,0.0,0.7339220869368839,home,0.0,1,0.0,11,86.57
2025-01-06 22:30:00,0.0,0.650505427205849,home,0.0,1,0.0,11,86.57
2025-01-06 22:45:00,0.0,0.6043912392271351,home,0.0,1,0.0,11,86.57
2025-01-06 23:00:00,0.0,0.6059145880228782,home,0.0,1,0.0,11,79.87
2025-01-06 23:15:00,0.0,0.5750762381633723,home,0.0,1,0.0,11,79.87
2025-01-06 23:30:00,0.0,0.6524298394773973,home,0.0,1,0.0,11,79.87
2025-01-06 23:45:00,0.0,0.5346340691881291,home,0.0,1,0.0,11,79.87
2025-01-07 00:00:00,0.0,0.6375876066690978,home,0.0,1,0.0,11,84.08
2025-01-07 00:15:00,0.0,0.6392735873844346,home,0.0,1,0.0,11,84.08
2025-01-07 00:30:00,0.0,0.5382871767240293,home,0.0,1,0.0,11,84.08
2025-01-07 00:45:00,0.0,0.7697125232566067,home,0.0,1,0.0,11,84.08
2025-01-07 01:00:00,0.0,0.6698648555807509,home,0.0,1,0.0,11,79.82
2025-01-07 01:15:00,0.0,0.539214132864061,home,0.0,1,0.0,11,79.82
2025-01-07 01:30:00,0.0,0.759183057771827,home,0.0,1,0.0,11,79.82
2025-01-07 01:45:00,0.0,0.4267647262606067,home,0.0,1,0.0,11,79.82
2025-01-07 02:00:00,0.0,0.4622440421933628,home,0.0,1,0.0,11,76.76
2025-01-07 02:15:00,0.0,0.5468638952280245,home,0.0,1,0.0,11,76.76
2025-01-07 02:30:00,0.0,0.7214762676191493,home,0.0,1,0.0,11,76.76
2025-01-07 02:45:00,0.0,0.7572940863873228,home,0.0,1,0.0,11,76.76
2025-01-07 03:00:00,0.0,0.405148453827778,home,0.0,1,0.0,11,73.46
2025-01-07 03:15:00,0.0,0.5720216998950023,home,0.0,1,0.0,11,73.46
2025-01-07 03:30:00,0.0,0.5575046363173219,home,0.0,1,0.0,11,73.46
2025-01-07 03:45:00,0.0,0.5945355750168311,home,0.0,1,0.0,11,73.46
2025-01-07 04:00:00,0.0,0.5234822833103643,home,0.0,1,0.0,11,71.86
2025-01-07 04:15:00,0.0,0.7553971515599747,home,0.0,1,0.0,11,71.86
2025-01-07 04:30:00,0.0,0.6021294558580239,home,0.0,1,0.0,11,71.86
2025-01-07 04:45:00,0.0,0.5078726306915047,home,0.0,1,0.0,11,71.86
2025-01-07 05:00:00,0.0,0.740914710009219,home,0.0,1,0.0,11,72.08
2025-01-07 05:15:00,0.0,0.5469785088039926,home,0.0,1,0.0,11,72.08
2025-01-07 05:30:00,0.0,0.5375093604608656,home,0.0,1,0.0,11,72.08
2025-01-07 05:45:00,0.0,0.6323387322343612,home,0.0,1,0.0,11,72.08
2025-01-07 06:00:00,0.3745049810529175,1.7716112020302022,home,0.0,1,0.0,11,74.9
2025-01-07 06:15:00,0.7562922388040243,1.0376757805507306,home,0.0,1,0.0,11,74.9
2025-01-07 06:30:00,0.4051274362056752,0.8958596387513547,home,0.0,1,0.0,11,74.9
2025-01-07 06:45:00,1.1338587930234436,1.4159596911627177,home,0.0,1,0.0,11,74.9
2025-01-07 07:00:00,0.5824445712017379,1.7022245293027936,home,0.0,1,0.0,11,77.69
2025-01-07 07:15:00,1.5626525795723174,0.9658216913224384,home,0.0,1,0.0,11,77.69
2025-01-07 07:30:00,1.246727927405836,1.4040145333184892,home,0.0,1,0.0,11,77.69
2025-01-07 07:45:00,1.2328268482662192,1.577775656682982,home,0.0,1,0.0,11,77.69
2025-01-07 08:00:00,2.582909441179901,0.864182460926159,home,0.0,1,0.0,11,81.79
2025-01-07 08:15:00,2.1103749127977585,0.7191646887491605,home,0.0,1,0.0,11,81.79
2025-01-07 08:30:00,2.815416130678441,0.4123357965108411,home,0.0,1,0.0,11,81.79
2025-01-07 08:45:00,3.3600649852265105,0.6143992512430791,home,0.0,1,0.0,11,81.79
2025-01-07 09:00:00,2.886647272518738,0.7620263404816414,home,0.0,1,0.0,11,84.86
2025-01-07 09:15:00,3.282312931555759,0.7611469295307092,home,0.0,1,0.0,11,84.86
2025-01-07 09:30:00,3.282416912102424,0.7012879831983714,home,0.0,1,0.0,11,84.86
2025-01-07 09:45:00,4.083534853305915,0.571355536342679,home,0.0,1,0.0,11,84.86
2025-01-07 10:00:00,3.826018438993348,0.7158819927214639,home,0.0,1,0.0,11,87.15
2025-01-07 10:15:00,3.631046152174513,0.772189795044562,home,0.0,1,0.0,11,87.15
2025-01-07 10:30:00,4.0220105076315615,0.6239457178683703,home,0.0,1,0.0,11,87.15
2025-01-07 10:45:00,4.354387315533864,0.5768022250408387,home,0.0,1,0.0,11,87.15
2025-01-07 11:00:00,4.452624047700587,0.5724765391808493,home,0.0,1,0.0,11,89.14
2025-01-07 11:15:00,4.578559832640799,0.560390496714869,home,0.0,1,0.0,11,89.14
2025-01-07 11:30:00,4.67263693288588,0.5694272007922339,home,0.0,1,0.0,11,89.14
2025-01-07 11:45:00,5.075695083965354,0.4421901042739522,home,0.0,1,0.0,11,89.14
2025-01-07 12:00:00,4.924142107736606,0.6936261754321671,home,0.0,1,0.0,11,88.66
2025-01-07 12:15:00,5.562285108039626,0.5615154810433312,home,0.0,1,0.0,11,88.66
2025-01-07 12:30:00,4.237783726566003,0.6235125484823993,home,0.0,1,0.0,11,88.66
2025-01-07 12:45:00,5.048118910875268,0.7585890657277223,home,0.0,1,0.0,11,88.66
2025-01-07 13:00:00,4.9310525289843135,0.6608673645092245,home,0.0,1,0.0,11,84.81
2025-01-07 13:15:00,4.968302033279206,0.4086378623823908,home,0.0,1,0.0,11,84.81
2025-01-07 13:30:00,4.995927120769,0.5719486712009245,home,0.0,1,0.0,11,84.81
2025-01-07 13:45:00,5.261847519956415,0.7952352836209309,home,0.0,1,0.0,11,84.81
2025-01-07 14:00:00,4.715042877545129,0.4430691854417861,home,0.0,1,0.0,11,84.34
2025-01-07 14:15:00,4.8899931376972505,0.5616401001989841,home,0.0,1,0.0,11,84.34
2025-01-07 14:30:00,5.150560578860494,0.729669709561741,home,0.0,1,0.0,11,84.34
2025-01-07 14:45:00,4.495931269965604,0.6352848365727704,home,0.0,1,0.0,11,84.34
2025-01-07 15:00:00,4.4964042547845295,0.6615406492770952,home,0.0,1,0.0,11,88.01
2025-01-07 15:15:00,4.162991198921173,0.6165410989591538,home,0.0,1,0.0,11,88.01
2025-01-07 15:30:00,4.235246445844524,0.698613123761431,home,0.0,1,0.0,11,88.01
2025-01-07 15:45:00,3.420562011395386,0.5151067384243351,home,0.0,1,0.0,11,88.01
2025-01-07 16:00:00,3.6694025503996426,0.7397649210308099,home,0.0,1,0.0,11,93.42
2025-01-07 16:15:00,4.049260114842912,0.5005822213647589,home,0.0,1,0.0,11,93.42
2025-01-07 16:30:00,3.1338116362332764,0.4593235115709964,home,0.0,1,0.0,11,93.42
2025-01-07 16:45:00,2.9219588914803523,0.4835232723994936,home,0.0,1,0.0,11,93.42
2025-01-07 17:00:00,3.22608459481544,1.6746239921585906,home,0.0,1,0.0,11,101.77
2025-01-07 17:15:00,2.745912029128279,1.0668887594775105,home,0.0,1,0.0,11,101.77
2025-01-07 17:30:00,3.265896617885361,1.2732682258795205,home,0.0,1,0.0,11,101.77
2025-01-07 17:45:00,2.8009935038936384,1.1065337106356352,home,0.0,1,0.0,11,101.77
2025-01-07 18:00:00,2.20853509910203,1.534020901147169,home,0.0,1,0.0,11,104.85
2025-01-07 18:15:00,1.5867799723548537,1.6774220622038711,home,0.0,1,0.0,11,104.85
2025-01-07 18:30:00,1.23805589472039,1.5125947427450674,home,0.0,1,0.0,11,104.85
2025-01-07 18:45:00,1.5161181623646276,1.2037502394209616,home,0.0,1,0.0,11,104.85
2025-01-07 19:00:00,1.3293831640034637,1.0332530094200998,home,0.0,1,0.0,11,103.55
2025-01-07 19:15:00,1.4365718945733152,1.7167168201448024,home,0.0,1,0.0,11,103.55
2025-01-07 19:30:00,0.8100075891015384,1.3923550942665328,home,0.0,1,0.0,11,103.55
2025-01-07 19:45:00,0.3314182396198068,1.5140696411411927,home,0.0,1,0.0,11,103.55
2025-01-07 20:00:00,0.1423359004817753,1.3333205204029006,home,0.0,1,0.0,11,100.5
2025-01-07 20:15:00,0.0,1.2905840202882797,home,0.0,1,0.0,11,100.5
2025-01-07 20:30:00,0.0,0.9378505380444884,home,0.0,1,0.0,11,100.5
2025-01-07 20:45:00,0.0,1.6308582871044397,home,0.0,1,0.0,11,100.5
2025-01-07 21:00:00,0.0,1.3961020536342037,home,0.0,1,0.0,11,93.31
2025-01-07 21:15:00,0.0,0.4833782284418105,home,0.0,1,0.0,11,93.31
2025-01-07 21:30:00,0.0,0.4441119955907563,home,0.0,1,0.0,11,93.31
2025-01-07 21:45:00,0.0,0.5129808870788136,home,0.0,1,0.0,11,93.31
2025-01-07 22:00:00,0.0,0.6239420931073592,home,0.0,1,0.0,11,91.17
2025-01-07 22:15:00,0.0,0.6204262403090735,home,0.0,1,0.0,11,91.17
2025-01-07 22:30:00,0.0,0.5168565582642549,home,0.0,1,0.0,11,91.17
2025-01-07 22:45:00,0.0,0.4080473912245225,home,0.0,1,0.0,11,91.17
2025-01-07 23:00:00,0.0,0.5580717548529786,home,0.0,1,0.0,11,83.86
2025-01-07 23:15:00,0.0,0.7476473297769706,home,0.0,1,0.0,11,83.86
2025-01-07 23:30:00,0.0,0.4491621372305887,home,0.0,1,0.0,11,83.86
2025-01-07 23:45:00,0.0,0.5186483298961305,home,0.0,1,0.0,11,83.86
